# docs/architecture.md §3.2 속성 상성. 행=공격, 열=방어. 값 0.5 / 1.0 / 2.0. 대칭이 아니다.
attacker,none,fire,water,grass,electric,ice,ground,dark,dragon
none,1.0,1.0,1.0,1.0,1.0,1.0,1.0,1.0,1.0
fire,1.0,0.5,0.5,2.0,1.0,2.0,1.0,1.0,1.0
water,1.0,2.0,0.5,0.5,1.0,1.0,2.0,1.0,1.0
grass,1.0,0.5,2.0,0.5,1.0,1.0,2.0,1.0,1.0
electric,1.0,1.0,2.0,1.0,0.5,1.0,0.5,1.0,1.0
ice,1.0,0.5,1.0,2.0,1.0,0.5,1.0,1.0,2.0
ground,1.0,2.0,0.5,1.0,2.0,1.0,0.5,1.0,1.0
dark,1.0,1.0,1.0,1.0,1.0,1.0,1.0,0.5,1.0
dragon,1.0,1.0,1.0,1.0,1.0,2.0,1.0,1.0,2.0
